<?xml version="1.0"?>
<!DOCTYPE hibernate-mapping PUBLIC "-//Hibernate/Hibernate Mapping DTD 3.0//EN"
        "http://hibernate.sourceforge.net/hibernate-mapping-3.0.dtd">

<hibernate-mapping>
    <class name="com.niit.author.model.User" table="USER">
        <id name="userId" type="int">
            <column name="USERID" />
<!--            <generator class="assigned" />-->
        </id>

        <property name="username" type="string" column ="USERNAME" length="30"/>
        <property name="email" type="string" column ="EMAIL" length="45">
        </property>
    </class>
</hibernate-mapping>
