<configuration>
    <property name="LOG_FILE_LOCATION" value="log"></property>
    <property name="LOG_FILE_NAME" value="customerLogs"></property>
    <property name="LOG_FILE_EXTENSION" value=".log"></property>
    <timestamp key="bySecond" datePattern="yyyyMMdd'T'HHmmss" timeReference="contextBirth"></timestamp>
<!--    store info in file-->
    <appender name="FILE_AUDIT" class="ch.qos.logback.core.FileAppender">
        <file>${LOG_FILE_LOCATION}/${LOG_FILE_NAME}_${bySecond}${LOG_FILE_EXTENSION}</file>
        <encoder>
<!--            In which format you are going to store data in file-->
<!--            current_system_time-->
<!--            %thread curent thred, level5_message-->
<!--            %msg - logger message-->
<!--            %d- output time that log msg occurs simpledataeformat-->
<!--            %n-break line-->

            <pattern>%d{HH:mm:ss.SSSS} [%thread] %-5level %logger{50}-%msg%n </pattern>
        </encoder>
    </appender>


<!--    store info on console-->
    <appender name="STDOUT" class="ch.qos.logback.core.ConsoleAppender">
        <encoder>
            <pattern>%d{HH:mm:ss.SSSS} [%thread] %-5level %logger{50}-%msg%n </pattern>
        </encoder>
    </appender>

<!--    to intiate appender-->
    <root level="debug">
        <appender-ref ref="FILE_AUDIT"></appender-ref>
        <appender-ref ref="STDOUT"></appender-ref>
    </root>



</configuration>